text_id:ID,original_text,:LABEL
ea41dd825a348d42cac947448c5e12d19f0b7cc221562512a73e25b2e0c03d7e,這是一筆關於 F客戶 的維護紀錄。 處理工程師為 A人員 進行時間為 2025/12/26 15:00 至 2025/12/26 16:00。 狀態描述 (Description): splunk_銀行處12月月維護 處置動作 (Action): 1.授權用量 : 建議擴充 -授權量 : 375 GB -平均授權使用量 : 1276GB 2.伺服器效能 : 無 3.系統優化建議 : 無 4.版本更新 : 建議更新 當前版本：9.3.3/2025.02.26 最新版本：10.0.2/2025.11.14 現行版本近期被掃出弱點，建議進行升版 5.問題追蹤：無,Text
97b76a2fd5faa59b6e3b3c7b21dc77960de1d8b001ea311ddf22cbaee9a796c1,"這是一筆關於 B客戶 的維護紀錄。 處理工程師為 A人員,C人員 進行時間為 2026/01/07 13:30 至 2026/01/07 17:30。 狀態描述 (Description): Splunk每週onsite 處置動作 (Action): A部門 1.Maintainer帳號權限確認 已確認角色能力可符合日常工作使用。 2.DEP02移轉後服務確認 已確認服務正確，並再次執行健康檢查確認系統功能正常。 3.PA報表寄送異常檢查 已確認splunk有寄出報告並記錄於cim_modactions索引中，目前以請A同事向IT部門確認exchange是否有收到splunk報告。 B部門 1.FISAC資料收容-進行中 目前已請B同事 向FISAC提交需使用API的IP申請單。 2.SH KVstore引擎異常測試-進行中 正在個人的測試環境測試SH 的KVstore狀態中。 3.LDAP設定 已完成splunk LDAP驗證設定 代辦事項： 1.Management搜尋異常 2.BTDC2 問題處理 3.DEP02 root帳號使用確認 4.新增Splunk Add-on for Google Cloud Platform的sourcetype 5.Tenable API App串接 6.Centos作業系統升級(評估中)",Text
093f1a94dab23b2eaecc75d09c3a05b9b1fbdd41beaeb990c1f789c472917052,這是一筆關於 C客戶 的維護紀錄。 處理工程師為 B人員 進行時間為 2026/01/05 13:30 至 2026/01/05 17:30。 狀態描述 (Description): Splunk駐點服務202601第一周(2026/1/5) 處置動作 (Action): 本周工作項目如下: 1.FWD02磁碟用量異常處理 今日FWD02磁碟用量達到超過90%，目前分析為以下三個原因導致 estreamer 資料暴增 audit.log 持續累積（FCB147 的 keep_logs 設定導致永不刪除） /var/log/messages-20251214 單一檔案達 148GB 目前處理方式 estreamer 處理 移除 rsyslog 轉送設定（減少資料流入） 調整 clean.sh 資料留存區間（定期清理舊資料，原為留存12小時，現改為6小時） audit.log 處理 手動刪除 audit 資料（釋放空間） 目前還沒有設定排程刪除，持續觀察中 messages 暴增處理 刪除 148GB 的 messages-20251214 檔案（立即釋放空間） 設定 logrotate 排程監控： 每 2 小時檢查一次（/etc/cron.d/logrotate-syslog） 超過 1G自動 rotate 保留 30 個檔案 自動壓縮 待辦事項: Cybereyes API 介接 (進行中),Text
5f5c77fa21193fb594fdf4c0fd90749e32db698df0c3cb3df0a6caaf325d1225,這是一筆關於 C客戶 的維護紀錄。 處理工程師為 B人員 進行時間為 2025/12/30 13:30 至 2025/12/30 17:30。 狀態描述 (Description): Splunk駐點服務202512第五周(2025/12/30) 處置動作 (Action): 本周工作項目如下: 1.更新GeoDB 2.<HTTPS大量傳輸告警>調整 排除m365網址，並新建立報表 <每日HTTP資料傳輸統計報表(m365): daily report> 單獨發送m365傳輸紀錄 3.FWD02 CPU及磁碟用量異常 今日發現自12/9左右開始FWD02的CPU用量明顯上升且已持續兩周，同時磁碟用量也達到90%，其中estreamer資料占用約109G 推測原因為12/9執行FCB腳本時加入了大量稽核規則，且會將稽核日誌轉發到 /var/log/secure，導致estreamer資料量增加 目前已關閉日誌轉發設定，並將estreamer 資料清理排程調整為僅留存6小時資料 (原為12小時)，減少占用磁碟空間 待辦事項: 1. SSH Server 漏洞修補,Text
bf1275a6e98efb349f71433ebd43268b074ce7ad69618f6edd2103acd191f180,這是一筆關於 C客戶 的維護紀錄。 處理工程師為 B人員 進行時間為 2025/12/23 13:30 至 2025/12/23 17:30。 狀態描述 (Description): Splunk駐點服務202512第四周(2025/12/23) 處置動作 (Action): 本周工作項目如下: 1.更新GeoDB 2.GitLab漏洞修補 原先版本18.5.2受到漏洞CVE-2024-9183及CVE-2025-12571影響，故升版到18.5.4 3.2026年國定假日列表更新 4.Cybereyes介接套件建置 (進行中) 待辦事項: 1. SSH Server 漏洞修補,Text
8aa4c4d2dbee23e988d2dda46c4c08fe0f58ab3ac80d02a14244ac1658070e0e,這是一筆關於 C客戶 的維護紀錄。 處理工程師為 B人員 進行時間為 2026/01/02 17:33 至 2026/01/02 17:35。 狀態描述 (Description): Splunk SIEM(12)月維護.DM20240200+DN20240393 處置動作 (Action): 1.授權用量 :正常 - 授權量 : 150 GB - 平均授權使用量 : 139.07 GB 2.伺服器效能 : 異常 - 自12/9左右開始CPU及磁碟用量明顯上升且已持續兩周，推測為FCB設定導致，目前已將設定還原，並持續觀察 3.系統優化建議 :無 4.版本更新 : 暫不更新 - 當前版本: 9.3.8 / 2025.11.14 - 最新版本: 10.0.2 / 2025.11.14 - 因目前版本並未有重大弱點，也未受相關BUG，故建議暫不升版,Text
e005d3c485be874d0c1a48ae20d4e83444ab7755e6990c6ab14e76e3ca17adb3,這是一筆關於 D客戶 的維護紀錄。 處理工程師為 B人員 進行時間為 2025/12/19 13:30 至 2025/12/19 16:00。 狀態描述 (Description): Splunk 202510-12季維護 處置動作 (Action): 本季維護報表重點如下： 1. 授權用量：正常 - 授權量：131 GB - 平均授權用量：117.92 GB 2. 伺服器效能：正常 3. 系統優化建議：無 4. 版本更新：暫不更新 - 當前Splunk版本：9.3.8 / 2025.11.14 - 最新Splunk版本：10.0.2/ 2025.11.14 - 目前版本無重大弱點，也未受相關BUG，故建議暫不升版 5.問題追蹤：無,Text
c275dede5e7db130818e685b73b92462f9e6f5222ad11450fa881c5e5ee6941a,這是一筆關於 D客戶 的維護紀錄。 處理工程師為 B人員 進行時間為 2025/11/26 13:30 至 2025/11/26 14:30。 狀態描述 (Description): pice_logs 缺漏處理 處置動作 (Action): 先前提到pice_logs有缺少檔案的狀況 經查原因為檔案中的log太過相似，splunk會自動判定為相同的log而不重複收容 今日已添加設定，讓splunk監控所有檔案即使內容相似 新增設定後已完整收容所有檔案之資料,Text
0fbcf441d20e5405043abf9f0acb74564aa3233edd142932887bb6ee63f7b7ad,"這是一筆關於 C客戶 的維護紀錄。 處理工程師為 C人員,B人員 進行時間為 2025/03/14 09:00 至 2025/03/14 14:00。 狀態描述 (Description): Splunk SH 異常hanging 處置動作 (Action): 今日早上接到您緊急報修，隨即到場進行調查，以下說明： 異常狀況：從這周開始凌晨1:00時CPU和記憶體都有突然爆增現象，今日甚至導致服務異常，今日調查並未發現root cause。 暫時解決方法： 1. 重啟splunk後目前服務後已恢復正常 2. 根據原廠建議，新增Splunk參數避免搜尋不會因為記憶體不足時就hanging 3. 刪除上周末駐點時於SH新增的splunk microsoft套件 4. 提供原廠diag並開立CASE請求協助 預計下周一會再次到場確認目前狀況並持續追蹤原廠協助。",Text
fd77a74373eda9ae081ddd381957fefb86ea733c04a51328a8ec2ebac1a82d81,這是一筆關於 A客戶 的維護紀錄。 處理工程師為 C人員 進行時間為 2025/03/28 09:00 至 2025/03/28 21:00。 狀態描述 (Description): Splunk 版本升級 9.3.1 -> 9.3.3 處置動作 (Action): 針對UAT / Production / PIMS 共8台進行調整，調整內容如下: 1. 重新安裝Splunk，設定FIPS mode=0。 2. 覆蓋原先設定檔 3. 升版 除了PIMS search head遇到dbconenct異常問題，其他皆成功升版。 後續將進行確認。,Text
3c9571eb93e0b3a3edaab73e5f3e701a4345def5b33d396de2f58a5756c2ca0e,這是一筆關於 E客戶 的維護紀錄。 處理工程師為 C人員 進行時間為 2025/07/29 13:30 至 2025/07/29 17:00。 狀態描述 (Description): Splunk工作事項 - 0729 處置動作 (Action): 作業項目如下： Asset and Identity priority確認 1.Identity新增title(職稱) 2.Identity將帳號狀態加入category欄位 3.未明確定義priotiry 的identity將設為low 4.Assets僅針對H1、H2、H3的設備將priority設為critical，其餘皆設為low 刪除舊版本殘留的ES threat intelligence download設定 DLDK container NOT running 1.已暫先手動重啟 例行月維護 1.將自動化程式放於公用電腦上，成功執行,Text
b076b890ebdd1b045255c635d826e6b0df8c7c00c3c899ec0572ddc550445f2d,這是一筆關於 E客戶 的維護紀錄。 處理工程師為 C人員 進行時間為 2025/07/29 12:00 至 2025/07/29 13:00。 狀態描述 (Description): Splunk 2025 MA 07月定保.DM20250088_(3/12) 處置動作 (Action): 前一份CSR內容誤植，重新撰寫 1.授權用量：建議擴充 -授權量：150 GB -平均授權用量：630 GB 2.伺服器效能：正常 3.系統優化建議：無 4.版本更新：現行版本近期被掃出弱點，建議進行升版 -當前版本：9.3.3 / 2025.02.26 -最新版本：10.0.0 / 2025.07.28,Text
f0b619c9595898d6aa2f7ef102036556bea7a8021f7d8d88f585e2cfdaea6819,這是一筆關於 C客戶 的維護紀錄。 處理工程師為 B人員 進行時間為 2026/01/13 13:30 至 2026/01/13 17:30。 狀態描述 (Description): Splunk駐點服務202601第二周(2026/1/13) 處置動作 (Action): 本周工作項目如下: 1. 更新GeoDB 2. Cybereyes API 串接 已完成 cybereyes api 串接，並確認新資料進到 splunk 目前已建立以下兩個新資料測試版本告警，若後續經觀察及比對確認資料無誤再全面改成由新資料觸發 cybereyes 告警 大量網站攻擊嘗試且觸發Cybereyes告警_new (測試中) Cybereyes高(high)風險告警_new (測試中) 3. FWD03 底層資料收容 由於FCB設定資料永久保存占用磁碟空間，目前已將資料收進splunk，下周確認資料內容後再討論後續處理方式 待辦事項: 1. SSH Server 漏洞修補 2. Gitlab漏洞修補,Text
145b7779a69551cf9d455bf5df33dc8c34702b0d94a3c831cafd6dcf8975004a,這是一筆關於 C客戶 的維護紀錄。 處理工程師為 B人員 進行時間為 2025/12/15 13:30 至 2025/12/15 17:30。 狀態描述 (Description): Splunk駐點服務202512第三周(2025/12/15) 處置動作 (Action): 本周工作項目如下: 1.更新GeoDB 2.主機異常處理 MG02磁碟用量超過90% -> 刪除過去備份及安裝檔，已降至85% FWD03備份異常 -> 原因為FCB設定導致備份目的路徑權限限縮，導致無法備份，已復原權限並手動執行備份 3.Cyble ASM IP白名單更新 4.Splunk帳號更動 由於人員變更，經確認後已刪除Ryan之Splunk帳號 5.Arcsight和Splunk 歷史案件調閱 待辦事項: 1. GitLab 漏洞修補,Text
b85f4730a8a34abe4726bcaad85175bc42b74957a2a9c0131995f8d34ba1a365,這是一筆關於 C客戶 的維護紀錄。 處理工程師為 B人員 進行時間為 2025/12/02 13:30 至 2025/12/02 17:30。 狀態描述 (Description): Splunk駐點服務202512第一周(2025/12/2) 處置動作 (Action): 本周工作項目如下: 1.更新GeoDB 2.2025下半年度告警盤點 3.AI網站服務紀錄調閱報表建置 <Gen AI 連線紀錄(每日): monthly report> <Gen AI 連線紀錄(整月): monthly report> 設定於每月1日凌晨2:00執行 待辦事項: 1. FCB設定調整,Text
e755b6e4b665a358cf84c2f983363c3d9931fc76e358234224b67b3fe9e5514a,這是一筆關於 C客戶 的維護紀錄。 處理工程師為 B人員 進行時間為 2025/11/25 13:30 至 2025/11/25 17:30。 狀態描述 (Description): Splunk駐點服務202511第四周(2025/11/25) 處置動作 (Action): 本周工作項目如下: 1.更新GeoDB 2.Gitlab版本升及18.1.6 -> 18.5.2 為修補漏洞CVE-2025-11224已將Gitlab升級至建議版本 3.AI網站服務紀錄調閱儀表板建置 為方便後續定期調閱AI網站連線紀錄，已建置調閱儀表板 4.<DNS_TUNNELING_單一來源查詢不同網域數量與DNS查詢次數超標>告警調整 查詢不同網域數量閥值由200改為300 統計區間由三分鐘改為五分鐘內 待辦事項: 1. 告警盤點 2. FCB設定,Text
788880f959480b3ed479fc193da03ee8c5856e116ea693b7e018c075683f14fc,這是一筆關於 C客戶 的維護紀錄。 處理工程師為 B人員 進行時間為 2025/11/17 13:30 至 2025/11/17 17:30。 狀態描述 (Description): Splunk駐點服務202511第三周(2025/11/17) 處置動作 (Action): 本周工作項目如下: 1.更新GeoDB 2.AI網站服務紀錄調閱 (202508-202510) 3.2025弱點掃描報告資訊整理 4.eStreamer 資料異常處理 發現eStreamer資料從11/14 23:20後僅收到狀態log，且KVstore狀態異常，重啟服務後資料已陸續進到splunk 5.KPMG滲透測試IP白名單 已將IP及網段加入白名單，並修改告警語法，使其同時比對IP及網段 待辦事項: 1. 告警盤點,Text
ae724bd0c2f03195355077ed3f9de8af7e04b244adc074f5953109ceaf11b445,這是一筆關於 C客戶 的維護紀錄。 處理工程師為 B人員 進行時間為 2025/11/11 13:30 至 2025/11/11 17:30。 狀態描述 (Description): Splunk駐點服務202511第二周(2025/11/11) 處置動作 (Action): 本周工作項目如下: 1.VMware Tools 漏洞修補 為修補漏洞CVE-2025-41244、CVE-2025-41246，以按照提供之SOP更新至12.3.5版本 2.報告及告警寄件人更新 3.KPMG滲透測試IP白名單 已將IP加入白名單，但提供的清單中有很多為網段，需要修改規則才能比對，目前正在修改中 待辦事項: 1. 告警盤點 (預計下周開始),Text
eaf33bc134a730e00bdd67d2c050f5b8a394e75213912fa4cab95d419ad08e69,這是一筆關於 C客戶 的維護紀錄。 處理工程師為 B人員 進行時間為 2025/11/04 13:30 至 2025/11/04 17:30。 狀態描述 (Description): Splunk駐點服務202511第一周(2025/11/4) 處置動作 (Action): 本周工作項目如下: 1.更新geodb 2.Heavy Forwarder磁碟用量調查 發現昨日(11/3)該台主機磁碟用量暴增，同時發現該台主機KV store憑證過期，今日已更新憑證，目前KV store狀態及磁碟用量皆為正常 3.報告及告警寄件人更新 已將原寄給Ryan之報告及告警改為Calvin，並新增Splunk登入帳號，未來包含ES結案等通知皆改由Calvin做審核與結案 待辦事項: 1. 告警盤點 2. VMware Tools 漏洞修補,Text
339eada25b1f5bba3e8b8425ec2153b5c85d5dbdfc7b256ec32c6ee53a302746,這是一筆關於 C客戶 的維護紀錄。 處理工程師為 B人員 進行時間為 2025/10/27 13:30 至 2025/10/27 17:30。 狀態描述 (Description): Splunk駐點服務202510第五周(2025/10/27) 處置動作 (Action): 本周工作項目如下: 1.更新geodb 2.完成本月維護作業 3.一年以上情資比對VirusTotal (進行中) 目前有看到AbuseIPDB可檢測情資並直接串接splunk 於Search Head測試可使用後即可建立排程 待辦事項: 1. 告警盤點 2. VMware Tools 漏洞修補,Text
1e7cbad0f884743c2c60654f217f11743f45aaf0f74837749dbcdaaa99a7bae0,這是一筆關於 C客戶 的維護紀錄。 處理工程師為 B人員 進行時間為 2025/10/20 11:00 至 2025/10/20 16:00。 狀態描述 (Description): Splunk駐點服務202510第四周(2025/10/20) 處置動作 (Action): 本周工作項目如下: 1.更新geodb 2.<刪除資料庫中IOC> 頁面復原 3.<HTTP對外大量傳輸資料報表>調整 於報表新增需監控之url 4.一年以上情資比對VirusTotal (進行中) 已取得需比對之情資清單 後續會確認是否有其他類似VT之檢測工具以多方檢測 待辦事項: 1. 告警盤點,Text
69c1c13049807584fafdaa5d0703ffbd609d8e981869fc31e52e39dc3b12edf2,這是一筆關於 C客戶 的維護紀錄。 處理工程師為 B人員 進行時間為 2025/10/13 13:30 至 2025/10/13 17:30。 狀態描述 (Description): Splunk駐點服務202510第三周(2025/10/13) 處置動作 (Action): 本周工作項目如下: 1.更新geodb 2.<SAP重要TCode執行紀錄>告警語法調整 原語法中的user經比對僅得到系統管理員，並非實際user，因此調整語法，透過比對cyberark log取得實際user後再寄出信件 3.<F5VPN特定使用者連線的紀錄(ssp)>調整 根據需求將”數位科技中心”之紀錄獨立出來，拆分為以下兩個報告 <F5VPN特定使用者連線的紀錄(ssp) 不含數位科技中心> <F5VPN特定使用者連線的紀錄(ssp) 僅數位科技中心> 待辦事項: 1. 告警盤點 2. 一年以上情資比對VirusTotal,Text
2818aebe486a8e0870a7c83a07e1f0dbca7e3d9fe80c4e5743ca0e586d77b148,這是一筆關於 C客戶 的維護紀錄。 處理工程師為 B人員 進行時間為 2025/10/07 13:30 至 2025/10/07 17:30。 狀態描述 (Description): Splunk駐點服務202510第二周(2025/10/07) 處置動作 (Action): 本周工作項目如下: 1.更新geodb 2.自動化封鎖清單異動儀表板建置 (進行中) 3.情資白名單新增 Cyble ASM IP 待辦事項: 1. 告警盤點,Text
db831e68511defa0690868c59d76cb7fa5a22dcf19a32339c3e05c428f348395,"這是一筆關於 C客戶 的維護紀錄。 處理工程師為 B人員 進行時間為 2025/10/01 13:30 至 2025/10/01 17:30。 狀態描述 (Description): Splunk駐點服務202510第一周(2025/10/01) 處置動作 (Action): 本周工作項目如下: 1.更新geodb 2.建立告警<PWLAN觸發IPS高風險告警> 將 src=""172.*"" 的事件從原先<IPS高風險告警>中獨立出來 3.自動化封鎖清單異動儀表板建置 (進行中) 4.GitLab升版 17.10.8 → 18.1.6 原先版本受到漏洞CVE-2025-6454、CVE-2025-2256影響，故進行升版",Text
5686190f1ae6a97b7889d2b2a12ba3bef8d679f180768d760b4fa09e002aa8e4,這是一筆關於 C客戶 的維護紀錄。 處理工程師為 B人員 進行時間為 2026/01/19 13:30 至 2026/01/19 17:30。 狀態描述 (Description): Splunk駐點服務202601第三周(2026/1/19) 處置動作 (Action): 本周工作項目如下: 1.更新GeoDB 2.Gitlab漏洞修補 18.5.4 -> 18.5.5 為修補漏洞已將Gitlab升級至建議版本 3.<F5VPN特定使用者連線的紀錄(sas)> 停用報表 4.FWD03 底層資料收容 filter 設定 已排除大量SERVICE_START 及 SERVICE_STOP 資料 目前觀察每日約產生200個檔案，故暫設定保留一天內的log 5.<HTTP對外大量傳輸資料報表>調整 於<HTTPS大量資料傳輸告警> 排除特定URL改由報表寄送 待辦事項: 1. SSH Server 漏洞修補,Text
a88271ba7c6d838e05e29394b2c0729253d439e862b47821f4ad4b2a6c24db50,"這是一筆關於 B客戶 的維護紀錄。 處理工程師為 A人員,C人員 進行時間為 2025/11/05 13:30 至 2025/11/05 19:00。 狀態描述 (Description): Splunk每週onsite 處置動作 (Action): 本日駐點工作內容如下： A部門 1.Splunk整體架構IP調整-完成 已設定完成所有主機的新IP 2.Splunk套件升級-完成 已部屬新套件至各SH上。 3.NTP服務檢查-完成 已檢查各台主機的 NTP服務已啟用。 4.KVstore 憑證效期檢查 已將過期憑證移除並重新產生新憑證(有效期至2028/11)，確認kvstore 狀態為正常。 5.SPLUNK月報寄送 已將SPLUNK2024/09~2025/08的維護報告寄給Hank B部門 1.FIsac情資撈取 已設定完成，正在等待防火牆開通。 2.新增indexer 新增indexer至IDX cluster節點，目前將觀察index同步狀態。 代辦事項： Centos作業系統升級(評估中) Splunk 10月維護報告 檢查B部門indexer索引同步狀態 檢查各台主機KV store 憑證效期(B部門)",Text
01dbdee2a6065f8d71d81b5472d4598f39585db6ec544c4ef22d7166ae0730d8,這是一筆關於 I客戶 的維護紀錄。 處理工程師為 A人員 進行時間為 2025/11/07 13:50 至 2025/11/07 17:30。 狀態描述 (Description): Splunk_11月維護 處置動作 (Action): 1.授權用量：建議擴充 -授權量：20GB -平均授權用量：133.26GB 2.伺服器效能：正常 3.系統優化建議：無 4.版本更新：建議先擴充授權使用量，再進行版本升級 -當前版本：8.0.6 / 2024.10.22 -最新版本：10.0.1 / 2025.09.25 建議先擴充授權使用量，再進行版本升級 5.問題追蹤：無 6.補充： 作業系統版本：Red Hat 9.4 EOS date:2027/5/31 作業系統弱點：CVE-2023-3567、CVE-2023-4133、CVE-2023-6932、CVE-2023-39198、CVE-2023-51043、CVE-2023-51779、CVE-2023- 5178,Text
2fd703ff5cbb3379225658454f0ec2c9dd5882d5aa9f977938e2433f70058be7,"這是一筆關於 B客戶 的維護紀錄。 處理工程師為 A人員,C人員 進行時間為 2025/11/12 13:30 至 2025/11/12 17:40。 狀態描述 (Description): Splunk每週onsite 處置動作 (Action): 本日駐點工作內容如下： A部門 1.PA報表寄信異常-未完成 已補跑報告並寄送郵件，另外報告存取時間為1天，所以以排程報告執行時間(11/1)，保存期限為11/2。 PA 每月Block Category報表在重新執行排程時會出現error，將於下周到場繼續處理。 B部門 1.新增indexer –完成 新增indexer至IDX cluster節點，目前將觀察index同步狀態。 代辦事項： Centos作業系統升級(評估中) 檢查B部門indexer索引同步狀態 FIsac資料收容 檢查各台主機KV store 憑證效期(B部門) (A部門)DEP02連動主機檢查 本日駐點工作內容如下： A部門 1.PA報表寄信異常-未完成 已補跑報告並寄送郵件，另外報告存取時間為1天，所以以排程報告執行時間(11/1)，保存期限為11/2。 PA 每月Block Category報表在重新執行排程時會出現error，將於下周到場繼續處理。 B部門 1.新增indexer –完成 新增indexer至IDX cluster節點，目前將觀察index同步狀態。 代辦事項： Centos作業系統升級(評估中) 檢查B部門indexer索引同步狀態 FIsac資料收容 檢查各台主機KV store 憑證效期(B部門) (A部門)DEP02連動主機檢查",Text
88e593296c7d6af4980479c99230d9ba73b6801d0bffe7c97f65ddeecd0c8448,這是一筆關於 B客戶 的維護紀錄。 處理工程師為 A人員 進行時間為 2025/11/06 10:00 至 2025/11/06 11:00。 狀態描述 (Description): Splunk_10月維護 處置動作 (Action): 1.授權用量：建議擴充 -授權量：285GB -平均授權用量：635.27GB 2.伺服器效能：正常 3.系統優化建議：無 4.版本更新：暫不更新 -當前版本：9.3.6/2025.07.31 -最新版本：10.0.1/2025.09.25 因目前版本並未有重大弱點，也未受相關BUG，故建議暫不升版,Text
0cee00e5686c921a81039d5cf532885d151c0db912d27c62a3dc06c8d21a9bab,這是一筆關於 B客戶 的維護紀錄。 處理工程師為 A人員 進行時間為 2025/11/06 11:00 至 2025/11/06 12:00。 狀態描述 (Description): splunk_B客戶B部門10月月維護 處置動作 (Action): 1.授權用量：建議擴充 -授權量：285GB -平均授權用量：239.38GB 2.伺服器效能：IDX01、IDX02、IDX03空間使用量已達90% 建議：若空間使用量持續增長，將搬移frozen 3.系統優化建議：無 4.版本更新：建議更新 -當前版本：9.3.3/2025.02.26 -最新版本：10.0.1/2025.09.25 現行版本近期被掃出弱點，建議進行升版,Text
f7122fd95df059c137d1a5dc481efa199138f103ed856b04bbbe2fb7426dd8d6,"這是一筆關於 B客戶 的維護紀錄。 處理工程師為 A人員,C人員 進行時間為 2025/11/18 13:30 至 2025/11/18 17:30。 狀態描述 (Description): Splunk每週onsite 處置動作 (Action): 本日駐點工作內容如下： A部門 1.PA報表寄信異常-完成 已設定PA 每月Block Category報表新的寄送套件，將於下個月1號確認該報表寄送郵件情況。 B部門 1.檢查各台主機KV store 憑證效期 已更新全部主機之KV store 憑證(效期至：2028/11)。 2.FISAC資料收容-進行中 目前已請james 向FISAC提交需使用API的IP申請單。 3.Splunk bundle儲存量過大 加入設定以停止預先儲存/apps/search路徑下的csv檔案作為知識包。 4.Indexer 索引同步狀態 確認index同步狀態為正常。 代辦事項： Centos作業系統升級(評估中) (A部門)DEP02連動主機檢查",Text
60a398b6e55c2e4e0413ea837546e0cb65c75a462a767405872691733ee3747f,這是一筆關於 I客戶 的維護紀錄。 處理工程師為 A人員 進行時間為 2025/11/19 13:30 至 2025/11/19 14:30。 狀態描述 (Description): 設備接收狀態檢查 處置動作 (Action): 今日工作項目如下： 1.asa事件接收異常 問題：新增UDP接收來自172.20.137.45的asa事件，於搜尋頁面上卻查詢不到該IP事件 解決辦法：於indexer cluster上新增索引後部署至底下indexer，再次於SH上執行搜尋即可查詢事件 2.checkpoint相關告警查看 確認所有checkpoint告警使用情況。,Text
0ba60444f0d22244e58144c8fd6bdd9ce2bc3d4a2fa2b3ac4d14285eff8432e7,"這是一筆關於 I客戶 的維護紀錄。 處理工程師為 A人員,C人員 進行時間為 2025/11/21 09:30 至 2025/11/21 17:00。 狀態描述 (Description): 防火牆事件匯入時間異常 處置動作 (Action): 今日到場作業如下： 1.PA TRAFFIC事件sourcetype更換 將sourcetype更改為pan:log，並套用設定使splunk判斷事件類型，事件規則如下： 如果PA事件類型為traffic，則套用立嘉的欄位擷取設定 如果PA事件類型為threat或system，則使用預設設定。 2.PA事件時間誤差： 目前做法為刪除判定事件時間為當下時間的設定，並加上事件時間只抓取事件前32個位元的範圍。",Text
3a8ebc02894105c6e0becdac2eb30127e8c06f123af0ab941416781eb5fe18bb,這是一筆關於 G客戶 的維護紀錄。 處理工程師為 A人員 進行時間為 2025/11/03 10:00 至 2025/11/03 12:00。 狀態描述 (Description): Splunk_10月維護 處置動作 (Action): 本月維護重點如下： 1.授權使用量 - 購買量:2GB - 平均使用量:0.35GB - 使用率為17.5%，達100%次數為1，屬正常範圍 2. 伺服器效能 - CPU使用率:1.24%，低於90%，屬正常 - 記憶體使用率:18.21%，低於90%，屬正常 - 硬碟使用率:42.91%，屬正常 3. 系統優化建議 - 皆正常，無需調整 4. 版本評估 - 現行版本:9.4.3 (2025.06.05) - 最新版本:10.0.1 (2025.09.25) - 因現行版本未有弱點釋出，故不升級。 5. 問題追蹤 - 無,Text
726947f06c6e97b1cab44b41b0de4c6cf12028044c6289261a89a22b529f191d,"這是一筆關於 B客戶 的維護紀錄。 處理工程師為 A人員,C人員 進行時間為 2025/11/26 13:30 至 2025/11/26 17:30。 狀態描述 (Description): Splunk每週onsite 處置動作 (Action): 本日駐點工作內容如下： A部門 1.DEP02連動主機檢查-完成 問題：DEP02主機排程為晚上11點執行KGIBIDX04與CDIBHMGT02的遠端設定檔備份腳本 解決辦法：刪除KGIBIDX04(主機已下線)備份排程與修改CDIBHMGT02的IP為172.18.44.31 2.設定檔備份腳本異常-完成 已修改各台主機中CDIBHMGT02的IP為172.18.44.31，並再次執行備份腳本確認排程腳本正常。 B部門 1.FISAC資料收容-進行中 目前已請james 向FISAC提交需使用API的IP申請單。 2.SH KVstore引擎異常測試-進行中 正在個人的測試環境測試SH 的KVstore狀態中。 代辦事項： Centos作業系統升級(評估中)",Text
32ca8473c821c3344517d120424354b4bfa6f55e87a25e1fc0d0c83f2e37d275,這是一筆關於 F客戶 的維護紀錄。 處理工程師為 A人員 進行時間為 2025/11/24 10:30 至 2025/11/24 12:00。 狀態描述 (Description): splunk_信用卡處11月月維護 處置動作 (Action): 1.授權用量：建議擴充 -授權量：100GB -平均授權用量：132GB 2.伺服器效能：正常 3.系統優化建議：根據說明定期檢查 問題：有101台UF已超過15分鐘未與indexer連線 建議：已在轉送器監視設定中更新uf清單，並於更新後讓uf重新報到。 4.版本更新：建議更新 -當前版本：9.3.3/2025.02.26 -最新版本：10.0.2/2025.11.14 現行版本近期被掃出弱點，建議進行升版,Text
283b841b5a96d76b40fc609524572b09bf473b1054e454175a2b6422c48dc55b,這是一筆關於 F客戶 的維護紀錄。 處理工程師為 A人員 進行時間為 2025/11/24 10:30 至 2025/11/24 11:00。 狀態描述 (Description): splunk_信用卡處11月月維護 處置動作 (Action): 1.授權用量：建議擴充 -授權量：100GB -平均授權用量：132GB 2.伺服器效能：正常 3.系統優化建議：根據說明定期檢查 問題：有101台UF已超過15分鐘未與indexer連線 建議：已在轉送器監視設定中更新uf清單，並於更新後讓uf重新報到。 4.版本更新：建議更新 -當前版本：9.3.3/2025.02.26 -最新版本：10.0.2/2025.11.14 現行版本近期被掃出弱點，建議進行升版,Text
4078ce9276cead02b3976575c4ff8a6bb5c90918e8121877aa17aa011055a52a,這是一筆關於 F客戶 的維護紀錄。 處理工程師為 A人員 進行時間為 2025/11/24 11:30 至 2025/11/24 12:00。 狀態描述 (Description): splunk_銀行處11月月維護 處置動作 (Action): 1.授權用量 : 建議擴充 -授權量 : 375 GB -平均授權使用量 : 1398GB 2.伺服器效能 : 無 3.系統優化建議 : 無 4.版本更新 : 建議更新 當前版本：9.3.3/2025.02.26 最新版本：10.0.2/2025.11.14 現行版本近期被掃出弱點，建議進行升版 5.問題追蹤：無,Text
cbb9a31f9ba1bb99fdcf2814238fcc0b92ad824f0ac6d9bc5afaa3d12b66f2f8,"這是一筆關於 A客戶 的維護紀錄。 處理工程師為 A人員,C人員 進行時間為 2025/11/27 13:30 至 2025/11/27 16:00。 狀態描述 (Description): Splunk監控主機系統移轉與VM化服務(09-11)季維護DN20230083_(10/12) 處置動作 (Action): 1.設備狀態檢查： 觀察月報CPU、Memory使用率皆無超過90%，整體正常 2.系統日誌分析： 觀察資料品質儀表板、健康狀況檢查，整體無異常 3.系統參數檢查 設備參數無異常(DNS server、NTP server、LDAP setting) 4.健康狀態檢查 執行健康情況檢查，整體無異常",Text
4b6c1d6b7a419f9b17138895fbc8bd8316ae099ed40ee5288677f9fd2bd671e5,"這是一筆關於 B客戶 的維護紀錄。 處理工程師為 A人員,C人員 進行時間為 2025/12/03 13:30 至 2025/12/03 17:40。 狀態描述 (Description): Splunk每週onsite 處置動作 (Action): 本日駐點工作內容如下： A部門 1.Splunk 使用者權限調整 調整es_admin_user 使用者權限。 調整ess_analyst 腳色權限，以供廠商進行例行維護或問題解決登入使用 2. B部門 1.FISAC資料收容-進行中 目前已請james 向FISAC提交需使用API的IP申請單。 2.SH KVstore引擎異常測試-進行中 正在個人的測試環境測試SH 的KVstore狀態中。 3.n8n無法連線至splunk問題 正在協助排查n8n無法連線至splunk問題 代辦事項： 1.Centos作業系統升級(評估中) 2.DEP02 ([IP])移轉(下周進行)",Text
e8685d5bb709620918efa2cffbbba7c1f233a0b4a651d1f62714d4ebea7e6d1c,這是一筆關於 I客戶 的維護紀錄。 處理工程師為 A人員 進行時間為 2025/12/05 13:30 至 2025/12/05 15:30。 狀態描述 (Description): Splunk_12月維護 處置動作 (Action): 1.授權用量：建議擴充 -授權量：20GB -平均授權用量：55.15GB 2.伺服器效能：正常 3.系統優化建議：無 4.版本更新：建議先擴充授權使用量，再進行版本升級 -當前版本：8.0.6 / 2024.10.22 -最新版本：10.0.2 / 2025.11.14 建議先擴充授權使用量，再進行版本升級 5.問題追蹤：無 6.補充： 作業系統版本：Red Hat 9.4 EOS date:2027/5/31 作業系統弱點：CVE-2023-3567、CVE-2023-4133、CVE-2023-6932、CVE-2023-39198、CVE-2023-51043、CVE-2023-51779、CVE-2023- 5178,Text
610565963804d904ec77825de3b950953abba38c66eef7f5c71ae6484f6ebc1e,"這是一筆關於 B客戶 的維護紀錄。 處理工程師為 A人員,C人員 進行時間為 2025/12/10 13:30 至 2025/12/10 20:00。 狀態描述 (Description): Splunk每週onsite 處置動作 (Action): A部門 1.Splunk 使用者權限調整 新增maintainer角色，並設定能力值。 調整ess_analyst 角色能力值，供HANK進行分析使用 B部門 1.FISAC資料收容-進行中 目前已請james 向FISAC提交需使用API的IP申請單。 2.SH KVstore引擎異常測試-進行中 正在個人的測試環境測試SH 的KVstore狀態中。 代辦事項： 1.Centos作業系統升級(評估中) 2.DEP02 ([IP])移轉(下周進行) 3.Linux主機使用者與使用者權限",Text
781b04ab3b3f5eba1948d313e68a4358e470e9f18fb51583f4847cf3b537e6ca,這是一筆關於 B客戶 的維護紀錄。 處理工程師為 A人員 進行時間為 2025/12/04 09:30 至 2025/12/04 10:00。 狀態描述 (Description): Splunk_11月維護 處置動作 (Action): 1.授權用量：建議擴充 -授權量：285GB -平均授權用量：620.21GB 2.伺服器效能：正常 3.系統優化建議：無 4.版本更新：暫不更新 -當前版本：9.3.6/2025.07.31 -最新版本：10.0.2/2025.11.14 因目前版本並未有重大弱點，也未受相關BUG，故建議暫不升版,Text
cc0e900a7b28d0258c2a384ea73eb978d9848da03c1fe156f81800ea665ac280,這是一筆關於 B客戶 的維護紀錄。 處理工程師為 A人員 進行時間為 2025/12/04 10:00 至 2025/12/04 10:30。 狀態描述 (Description): splunk_B客戶B部門11月月維護 處置動作 (Action): 1.授權用量：建議擴充 -授權量：285GB -平均授權用量：203.65GB 2.伺服器效能：正常 3.系統優化建議：無 4.版本更新：建議更新 -當前版本：9.3.3/2025.02.26 -最新版本：10.0.1/2025.11.14 現行版本近期被掃出弱點，建議進行升版,Text
6ed5d3472592da7d50e75850e0494267f5883a1aed83ee5c438cfac9900924c6,這是一筆關於 A客戶 的維護紀錄。 處理工程師為 A人員 進行時間為 2025/12/12 13:30 至 2025/12/12 17:30。 狀態描述 (Description): splunk憑證跟換 處置動作 (Action): 今日到場作業事項為： 更換SPLUNK內部與網頁憑證，並修改SPLUNK中的憑證路徑 已確認SPLUNK可正常登入使用、KVSTORE 狀態正常，網頁憑證期限更新至2027/12月,Text
4c0c9131bd59a078efb434291f8f35e84df5e48883e5d1644192e3083b90a97b,"這是一筆關於 A客戶 的維護紀錄。 處理工程師為 A人員,C人員 進行時間為 2025/12/16 14:00 至 2025/12/16 18:40。 狀態描述 (Description): DC_ARP報表語法檢查 處置動作 (Action): 今日到場作業項目如下： 目前已產出一份DC_ARP_table報表，並與現有設備清單做比對，附件為比對結果，後續將進底層查看缺少設備的原因。 附件中列出所有需列出的設備名稱，未出現於DC_ARP_table中的設備已用橘底標示，在請您確認。 代辦事項： 補產出ARP_table報表給您(排程設定每月執行） 補跑設備IP往段清單給凱壽全科人員 （每月)",Text
e0be9906f804a7980769d8b35009c62801fb81754428201c3c3f22475492fd22,"這是一筆關於 B客戶 的維護紀錄。 處理工程師為 A人員,C人員 進行時間為 2025/12/17 13:30 至 2025/12/17 18:00。 狀態描述 (Description): Splunk每週onsite 處置動作 (Action): 本日駐點工作內容如下： A部門 1.Splunk角色能力異常 已於底層重新調整es_admin_user與admin角色的能力，並於網頁上驗證功能可使用 2.PA 每月報表補寄 已補寄報表，後續將繼續查看排程無法正常寄送報表問題。 B部門 1.FISAC資料收容-進行中 目前已請james 向FISAC提交需使用API的IP申請單。 2.SH KVstore引擎異常測試-進行中 正在個人的測試環境測試SH 的KVstore狀態中。 3.新增DNS設定 已新增DNS 設定於forwarder上 4.部屬新crowdstrike套件 已部屬套件於SH上 代辦事項： 1.Centos作業系統升級(評估中) 2.DEP02 ([IP])移轉(下周進行) 3.Linux主機使用者與使用者權限 4.新增Splunk Add-on for Google Cloud Platform的sourcetype 5.Tenable API App串接",Text
f21e22febf2a41a8cf124f98d49f018166e4639c763c1c9d5aee176f58fec1a4,"這是一筆關於 A客戶 的維護紀錄。 處理工程師為 A人員,C人員 進行時間為 2025/12/19 13:30 至 2025/12/19 18:00。 狀態描述 (Description): ARP_table報表補跑 處置動作 (Action): 今日到場作業項目如下： 以新增設備於Switch_6FDC.csv中，並再次執行排程腳本，確認已收入新設備事件 補跑ARP_table 報表，設定排程為每月1號寄送報表至全科同仁 代辦事項： IP網段設備報表確認",Text
623492cc147845b2d66fff408c638922bbc4c9739a862724af1f7eb142256d90,這是一筆關於 G客戶 的維護紀錄。 處理工程師為 A人員 進行時間為 2025/12/01 10:00 至 2025/12/01 12:00。 狀態描述 (Description): Splunk_11月維護 處置動作 (Action): 本月維護重點如下： 1.授權使用量 - 購買量:2GB - 平均使用量:0.31GB - 使用率為15.5%，達100%次數為0 2. 伺服器效能 - CPU使用率:1.24%，低於90%，屬正常 - 記憶體使用率:18.21%，低於90%，屬正常 - 硬碟使用率:43.73%，屬正常 3. 系統優化建議 - 皆正常，無需調整 4. 版本評估 - 現行版本:9.4.3 (2025.06.05) - 最新版本:10.0.2 (2025.11.14) - 因現行版本未有弱點釋出，故不升級。 5. 問題追蹤 - 無,Text
b997e1acd12ed8116eb9043a04e128b0129532fc92fcc9f891b8f0cc4f899302,"這是一筆關於 B客戶 的維護紀錄。 處理工程師為 A人員,C人員 進行時間為 2025/12/24 13:30 至 2025/12/24 20:00。 狀態描述 (Description): Splunk每週onsite 處置動作 (Action): 本日駐點工作內容如下： A部門 1.Splunk角色能力異常 因admin角色的能力需高於es_admin_user角色，所以已刪除es_admin_user繼承admin能力的選項，同時刪除es_admin_user的可刪除索引能力以 區分權限高低。 2.PA 每月報表觸發動作變更 因目前未發現任何相關報表寄送錯誤，也確認並無排程略過問題，為了後續如再次發生排程報表未寄送之問題，已將PA每月報表觸發的預設寄件套 件改為客製寄件套件，該客製套件可於觸發動作後於index=cim_modactions查看郵件寄送狀態，以利問題排查。 3.Linux主機使用者與使用者權限-進行中 已在172.18.44.33(DEP02)主機上新增使用者 sailag，並套用先前信件附件中的權限設定 請珮雯再次申請檢測sailag使用者權限是否合規，將在檢測通過後於其他主機上新增使用者 B部門 1.FISAC資料收容-進行中 目前已請james 向FISAC提交需使用API的IP申請單。 2.SH KVstore引擎異常測試-進行中 正在個人的測試環境測試SH 的KVstore狀態中。 代辦事項： 1.Centos作業系統升級(評估中) 2.DEP02 ([IP])移轉(下周進行) 3.新增Splunk Add-on for Google Cloud Platform的sourcetype 4.Tenable API App串接",Text
cf776a5dd53647406e94357ed9d52264b0f95abb0f932299f70ec4143c0f7e47,這是一筆關於 F客戶 的維護紀錄。 處理工程師為 A人員 進行時間為 2025/12/26 14:00 至 2025/12/26 15:00。 狀態描述 (Description): splunk_信用卡處12月月維護 處置動作 (Action): 1.授權用量：建議擴充 -授權量：100GB -平均授權用量：124GB 2.伺服器效能：正常 3.系統優化建議：根據說明定期檢查 問題：有137台UF已超過15分鐘未與indexer連線 建議：已在轉送器監視設定中更新uf清單，並於更新後讓uf重新報到。 4.版本更新：建議更新 -當前版本：9.3.3/2025.02.26 -最新版本：10.0.2/2025.11.14 現行版本近期被掃出弱點，建議進行升版,Text
35b4e6c6d9412dc59124f99e8c5ecae4f91204b7dcb32dcda1055598e23faca4,"這是一筆關於 B客戶 的維護紀錄。 處理工程師為 A人員,C人員 進行時間為 2025/12/31 13:30 至 2025/12/31 17:40。 狀態描述 (Description): Splunk每週onsite 處置動作 (Action): 本日駐點工作內容如下： A部門 1.帳號盤點清單確認 已完成帳號盤點並寄送報表給Hank B部門 2.FISAC資料收容-進行中 目前已請james 向FISAC提交需使用API的IP申請單。 3.SH KVstore引擎異常測試-進行中 正在個人的測試環境測試SH 的KVstore狀態中。 代辦事項： 1.Centos作業系統升級(評估中) 2.DEP02 ([IP])移轉(下周進行) 3.新增Splunk Add-on for Google Cloud Platform的sourcetype 4.Tenable API App串接 5.Management.搜尋異常 6.BTDC2 問題處理 7.DEP02 root服務確認",Text
b67357dc67c3a640c589bc5ec055b1c1315bb3a25b068919a4dc6f3bab6f3ab0,這是一筆關於 E客戶 的維護紀錄。 處理工程師為 C人員 進行時間為 2025/11/04 09:00 至 2025/11/04 09:30。 狀態描述 (Description): E客戶 Splunk 2025 MA 10月定保.DM20250088_(6/12) 處置動作 (Action): 本次維護報告內容如下，再麻煩您確認後回簽CSR： 1.授權用量：建議擴充 -授權量：150 GB -平均授權用量：649.33 GB 2.伺服器效能：正常 3.系統優化建議：無 4.版本更新：現行版本近期被掃出弱點，建議進行升版 -當前版本：9.3.3 / 2025.02.26 -最新版本：10.0.1 / 2025.09.25,Text
4692f2f96a94f08250d0ea2565430c29747ff4a972a03286f538e0bd489006be,"這是一筆關於 B客戶 的維護紀錄。 處理工程師為 A人員,C人員 進行時間為 2025/11/05 13:30 至 2025/11/05 19:00。 狀態描述 (Description): Splunk每週onsite 處置動作 (Action): 本日駐點工作內容如下： A部門 1.Splunk整體架構IP調整-完成 已設定完成所有主機的新IP 2.Splunk套件升級-完成 已部屬新套件至各SH上。 3.NTP服務檢查-完成 已檢查各台主機的 NTP服務已啟用。 4.KVstore 憑證效期檢查 已將過期憑證移除並重新產生新憑證(有效期至2028/11)，確認kvstore 狀態為正常。 5.SPLUNK月報寄送 已將SPLUNK2024/09~2025/08的維護報告寄給C同事 B部門 1.FIsac情資撈取 已設定完成，正在等待防火牆開通。 2.新增indexer 新增indexer至IDX cluster節點，目前將觀察index同步狀態。 代辦事項： Centos作業系統升級(評估中) Splunk 10月維護報告 檢查B部門indexer索引同步狀態 檢查各台主機KV store 憑證效期(B部門)",Text
f0212ed46ad4ffcb16963538c11d7bc4db5d069fc738fc33c71a88e7d008b497,這是一筆關於 B客戶 的維護紀錄。 處理工程師為 C人員 進行時間為 2025/11/07 15:00 至 2025/11/07 17:00。 狀態描述 (Description): IDX硬碟空間滿載與資料同步問題 處置動作 (Action): 工作事項： IDX01重新加入後，因同步資料導致IDX02與IDX03滿載 將ocp_cdibh資料刪除後，重新進行資料同步， 離開前資料備份的同步已經完成， 資料大小平衡持續進行中。,Text
606f607df353db3982afb64bfca7a0bc5efe526e521cd88943e82f095250cb62,這是一筆關於 B客戶 的維護紀錄。 處理工程師為 C人員 進行時間為 2025/11/10 09:30 至 2025/11/10 12:00。 狀態描述 (Description): 資料平衡確認與未連接license master解決 處置動作 (Action): 工作事項： 1. 新增/etc/hosts，並重起服務後，正常連線至LM 2. 確認資料持續進行平衡，且無空間滿載,Text
0608286643ca0cf07a5d29d01ed10b68de9ecda6530d7dc283611338bb87fa4c,"這是一筆關於 E客戶 的維護紀錄。 處理工程師為 C人員 進行時間為 2025/11/04 13:30 至 2025/11/04 17:30。 狀態描述 (Description): E客戶駐點工作事項 - 20251104 處置動作 (Action): 今日工作內容如下，預計下次週四到場作業，再麻煩您幫我申請週四使用底層： 1, 完成維護報告 2. 確認RES3SQL19資料收容狀況 待完成工作項目： 1.CEF outputs套件新增debug log資料蒐集 2.Finding會因為threat object重複顯示，需進行ES版本升級 3.Splunk版本升級 4.Apim1與imsdb01兩台UF關閉inputs至不存在的index 5.SH FISAC API input (未使用)關閉",Text
30a9c72d799597fa49fdfcc43021fc31e90215520bda7c3e9f159b72756e6fee,這是一筆關於 E客戶 的維護紀錄。 處理工程師為 C人員 進行時間為 2025/10/30 13:30 至 2025/10/30 17:00。 狀態描述 (Description): E客戶駐點工作事項 - 20251030 處置動作 (Action): 工作內容如下 1. 協助新增寄信套件 2. 完成寄信測試,Text
7fe68ac7136ffd8ab465d6f875d31d4614f69e28ac3fcb0f2dac1fcffa67309b,"這是一筆關於 E客戶 的維護紀錄。 處理工程師為 C人員 進行時間為 2025/11/11 13:30 至 2025/11/11 17:00。 狀態描述 (Description): E客戶駐點工作事項 - 20251111 處置動作 (Action): 工作內容如下，預計本周五(11/14)與下周二(11/18)到場作業，請您協助申請底層 1, 關閉Apim1與imsdb01兩台UF中舊的殘留input設定 2. 確認Checkpoint 資料收容 3. 確認asset中異常：有多個hostname有相同IP，確認原因為將是否報廢/營運中欄位匯入資產 待完成工作項目： 1.CEF outputs套件調整送出格式 2.Finding會因為threat object重複顯示，需進行ES版本升級 3.Splunk版本升級 4.Disable splunk自動version check 5.資產新增報廢/營運中欄位 6.SH FISAC API input (未使用)關閉",Text
bd8838d6d53b89780fdabec65a7640c36bd1c2d3095d0e76d4004fe2a7e344fa,這是一筆關於 E客戶 的維護紀錄。 處理工程師為 C人員 進行時間為 2025/11/14 09:00 至 2025/11/14 15:33。 狀態描述 (Description): E客戶駐點工作事項 - 20251114 處置動作 (Action): 今日工作內容如下，預計下周二(11/18)到場作業，請您協助申請底層 1.Disable splunk自動version check 2.CEF outputs套件調整送出格式 甲、將換行字元取代成空格 乙、最尾端新增一個空格 3.調整IIS LOG拋送目的 待完成工作項目： 4.Finding會因為threat object重複顯示，需進行ES版本升級 5.Splunk版本升級 6.資產新增報廢/營運中欄位 7. 關閉imsdb02UF中舊的殘留input設定 8.SH FISAC API input (未使用)關閉,Text
88418c23549698006cb45b47149746fbf801102964788f0e3e58698f94808c31,這是一筆關於 E客戶 的維護紀錄。 處理工程師為 C人員 進行時間為 2025/11/17 09:00 至 2025/11/17 17:00。 狀態描述 (Description): E客戶駐點工作事項 - 20251117 處置動作 (Action): 今日工作內容如下， 1.Splunk升版，從9.3.3升版至9.3.8，再麻煩您申請弱點復掃 2.修改sase UF資料收容路徑至/var/log/mammoth 待完成工作項目： 1.FISAC API Input無資料時會跳Error 2.Finding會因為threat object重複顯示，需進行ES版本升級 3.資產新增報廢/營運中欄位 4. 關閉imsdb02UF中舊的殘留input設定 5.關閉dashboard studio未使用的系統排程,Text
2036a9bdc6d4fb3d7f16afd792a99e972d9f8ccf8833088b98cc5a8ce0b3d542,這是一筆關於 H客戶 的維護紀錄。 處理工程師為 C人員 進行時間為 2025/11/25 09:30 至 2025/11/25 14:00。 狀態描述 (Description): Splunk平台維護案(06-11月)半年系統檢視_DM20250258_(1/2) 處置動作 (Action): 今日已完成Splunk版本升級， 自9.2.3升版至9.3.8， 並以驗證服務皆正常， 弱點應已修復，再麻煩複掃確認。 另外本次維護報告內容如下，再麻煩您確認後回簽CSR： 1.授權用量：建議擴充 -授權量：5 GB -平均授權用量：6.59 GB 2.伺服器效能：正常 3.系統優化建議：無 4.版本更新：現行版本無重大CVE漏洞、嚴重BUG，故暫不升級 Splunk與UF當前版本： 9.3.8 / 2025.11.14 (EOS:2026.06.24) Splunk與UF最新版本： 10.0.2 / 2025.11.14 (EOS:2027.07.28),Text
feab2ad0ae387b705113e52ed6d0edb70331dda9672f72e68d33f67a98a8c058,這是一筆關於 E客戶 的維護紀錄。 處理工程師為 C人員 進行時間為 2025/12/24 09:00 至 2025/12/24 17:00。 狀態描述 (Description): E客戶駐點工作事項 - 20251124 處置動作 (Action): 工作事項： Splunk升版完成,Text
48f4b00e3e6051c130d4962b6f45513dec352706f7b7f0984fc484d9147132cb,這是一筆關於 E客戶 的維護紀錄。 處理工程師為 C人員 進行時間為 2025/11/24 09:00 至 2025/11/24 17:30。 狀態描述 (Description): E客戶駐點工作事項 - 20251114 處置動作 (Action): 前一封CSR時間誤植， 工作內容如下： Splunk升版完成,Text
74e0c2d58d979e424975a8e0aa0a0b6c90061aae13b97e92f26d4b74bfc9de3d,這是一筆關於 E客戶 的維護紀錄。 處理工程師為 C人員 進行時間為 2025/12/04 08:30 至 2025/12/04 09:00。 狀態描述 (Description): E客戶 Splunk 2025 MA 11月定保.DM20250088_(7/12) 處置動作 (Action): 本次維護報告內容如下： 1.授權用量：建議擴充 -授權量：150 GB -平均授權用量：661.01 GB 2.伺服器效能：正常 3.系統優化建議：無 4.版本更新：現行版本近期被掃出弱點，建議進行升版 -當前版本：9.3.8 / 2025.11.14 -最新版本：10.0.2 / 2025.11.14,Text
03ee2907a1ff2cc6e95a3208eae2e066d9a6b6282dffa0b0520d2dcaeb71fa7d,這是一筆關於 E客戶 的維護紀錄。 處理工程師為 C人員 進行時間為 2025/12/02 09:00 至 2025/12/02 12:00。 狀態描述 (Description): E客戶駐點工作事項 - 20251202 處置動作 (Action): 工作項目： 1. 修改SASE VPN登入成功報表條件 2. 新增告警 將SASE登入成功紀錄送至SOAR 3. 新增index 與 HEC token for XSOAR,Text
2dce09ff7ecbb39b64283ef2ed6ba21677bc18ba095e677ffd8626a0cd1fcfa4,這是一筆關於 E客戶 的維護紀錄。 處理工程師為 C人員 進行時間為 2025/12/04 13:30 至 2025/12/04 17:00。 狀態描述 (Description): E客戶駐點工作事項 - 20251204 處置動作 (Action): 本日工作項目： 1. 修改SASE VPN登入成功報表條件，與確認送至SOAR欄位 2. 針對不同mitreattack新增告警,Text
982e8d9410dc867b7505c67749941cbeecf36e92ffee9971fdb1ed51a76b5a4a,這是一筆關於 E客戶 的維護紀錄。 處理工程師為 C人員 進行時間為 2025/12/09 13:30 至 2025/12/09 17:30。 狀態描述 (Description): E客戶駐點工作事項 - 20251209 處置動作 (Action): 本日工作項目： 1.新增forcepoint endpoint dlp資料收容 Tcpdump尚未看到封包，待實際拋送後確認 2.確認checkpoint logclm uf log limit 今日發現checkpoint資料收容有約40min延遲 確認原因為該UF已達到預設輸出上限 (256kb/s) 已將全數logclm UF調整上限為 20480 KB/S 同時發現該維護報告該檢查並未開啟，已重新開啟 3.調整datamodel dnsAMD 與新增告警 先前已設定基本的Risk分數計算機制，但目前告警覆蓋率較狹窄，並未能明顯看出不同種類的攻擊，並套用於MitreAttack框架 開始針對ES預設的告警進行新增，目前優先針對DNS 、 Traffic、Auentication Datamodel進行告警新增 今日發現DNS Datamodel src欄位異常，已完成修復，並新增ES告警”是否有內部IP嘗試連線於dynamic domain(IP浮動)” 新增ES告警監測”是否有設備連線至很少見的port”,Text
8c336d35d733dd7aba9471170bc94bdf7a7bbcb2de81e2ceea5293bfafd76a92,"這是一筆關於 A客戶 的維護紀錄。 處理工程師為 A人員,C人員 進行時間為 2025/12/16 14:00 至 2025/12/16 18:40。 狀態描述 (Description): DC_ARP報表語法檢查 處置動作 (Action): 今日到場作業項目如下： 目前已產出一份DC_ARP_table報表，並與現有設備清單做比對，附件為比對結果，後續將進底層查看缺少設備的原因。 附件中列出所有需列出的設備名稱，未出現於DC_ARP_table中的設備已用橘底標示，在請您確認。 代辦事項： 補產出ARP_table報表給您(排程設定每月執行） 補跑設備IP往段清單給全科人員 （每月)",Text
196cb783ada51b95fa52a8fe840bd571e683e0482b850c44434b9c8b9a6a6eed,這是一筆關於 E客戶 的維護紀錄。 處理工程師為 C人員 進行時間為 2025/12/18 09:00 至 2025/12/18 17:30。 狀態描述 (Description): E客戶駐點工作事項 - 20251218 處置動作 (Action): 本日工作項目： 1.ES升版 甲、自8.0.3升版至8.2.3 2.資產上傳APP程式調整 甲、將”硬體狀態”欄位加入category中 乙、若硬體狀態為”移出” or “報廢” ，severity將設為medium 3.確認內對內告警 urgency = critical原因 甲、該告警severity 原先就為 high 乙、而該告警對應資產priorty為critical，故urgency提升至critical 4.Indexer設定防串改 甲、設定路徑為 indexes.conf 中 [defaut] enableDataIntegrityControl=true,Text
d19ab86131236c18d2a53450f466080872206f5293fe085b8a9076e85ac3f9e3,這是一筆關於 E客戶 的維護紀錄。 處理工程師為 C人員 進行時間為 2025/12/23 09:00 至 2025/12/23 18:00。 狀態描述 (Description): E客戶駐點工作事項 - 20251223 處置動作 (Action): 本日工作事項如下： 1.Websebse log 異常截斷 Raw data內就有換行字元，導致異常截斷 嘗試修改props.conf，調整截斷規則，離開前未解決，下次到場時處理 2.建立SASE VPN kick session報表建立 3.Nix logon success語法確認,Text
1b835e81594af07b72816a1071ef7b2330b4ed2b91426c6138c6ab003519268e,這是一筆關於 B客戶 的維護紀錄。 處理工程師為 C人員 進行時間為 2025/12/11 09:00 至 2025/12/11 18:00。 狀態描述 (Description): Splunk Indexer queue full - 20251211 處置動作 (Action): 工作項目： 到場確認異常原因，當日未確認原因。,Text
ac5517e4e55679203e195ee3b5bbadf5e1e77ae9b70909434a556aaf9b7642b0,這是一筆關於 B客戶 的維護紀錄。 處理工程師為 C人員 進行時間為 2025/12/12 09:00 至 2025/12/12 18:00。 狀態描述 (Description): Splunk Indexer queue full - 20251212 處置動作 (Action): 工作項目： 協助韌體更新，問題未解決，持續尋找workaround,Text
ff74abea7284c0d7cf2935e322f0f4a0fd3607a2c52daafabd767b5d5e88d106,這是一筆關於 B客戶 的維護紀錄。 處理工程師為 C人員 進行時間為 2025/12/15 09:00 至 2025/12/15 18:00。 狀態描述 (Description): Splunk Indexer queue full -20251215 處置動作 (Action): 工作項目： 暫時認定原因為bucket replication造成， 採取workaround，先將RF/SF調至1/1，並將所有資料往單一IDX進行拋送,Text
389d19ade5ee2de5c87a0f81db7b74ebcfbe0d3bbc66ce1f0c11e66ee2732808,"這是一筆關於 B客戶 的維護紀錄。 處理工程師為 A人員,C人員 進行時間為 2025/12/24 13:30 至 2025/12/24 20:00。 狀態描述 (Description): Splunk每週onsite 處置動作 (Action): 本日駐點工作內容如下： A部門 1.Splunk角色能力異常 因admin角色的能力需高於es_admin_user角色，所以已刪除es_admin_user繼承admin能力的選項，同時刪除es_admin_user的可刪除索引能力以 區分權限高低。 2.PA 每月報表觸發動作變更 因目前未發現任何相關報表寄送錯誤，也確認並無排程略過問題，為了後續如再次發生排程報表未寄送之問題，已將PA每月報表觸發的預設寄件套 件改為客製寄件套件，該客製套件可於觸發動作後於index=cim_modactions查看郵件寄送狀態，以利問題排查。 3.Linux主機使用者與使用者權限-進行中 已在172.18.44.33(DEP02)主機上新增使用者 sailag，並套用先前信件附件中的權限設定 請A同事再次申請檢測sailag使用者權限是否合規，將在檢測通過後於其他主機上新增使用者 B部門 1.FISAC資料收容-進行中 目前已請james 向FISAC提交需使用API的IP申請單。 2.SH KVstore引擎異常測試-進行中 正在個人的測試環境測試SH 的KVstore狀態中。 代辦事項： 1.Centos作業系統升級(評估中) 2.DEP02 ([IP])移轉(下周進行) 3.新增Splunk Add-on for Google Cloud Platform的sourcetype 4.Tenable API App串接",Text
24f550093af75461df6932eb9a4629c451e97788c70055cedab951d0b3d962bf,這是一筆關於 E客戶 的維護紀錄。 處理工程師為 C人員 進行時間為 2025/12/26 09:00 至 2025/12/26 10:30。 狀態描述 (Description): Splunk駐點服務20251226 - websense 斷行確認 處置動作 (Action): 工作內容： 該sourcetype斷行異常，故先將其調整回原始sourcetype，待下周駐點確認後進行調整,Text
cd080316df70ebfdb84e3774d6b399846183cb720cb72e87d3dd25d6f30e7f99,這是一筆關於 E客戶 的維護紀錄。 處理工程師為 C人員 進行時間為 2025/12/30 09:00 至 2025/12/30 12:00。 狀態描述 (Description): (ZTA) Splunk 2025 MA 12月定保.DM20250088_(8/12) 處置動作 (Action): 1.授權用量：建議擴充 -授權量：150 GB -平均授權用量：661.01 GB 2.伺服器效能：正常 3.系統優化建議：有10台UF超出預設傳輸上限，已派送套件完成調整 4.版本更新：現行版本近期被掃出弱點，建議進行升版 -當前版本：9.3.8 / 2025.11.14 -最新版本：10.0.2 / 2025.11.14,Text
0a2f1dc2f867de3a36b1ed8204352246d4674ea3b44db1571c889942555fe15c,這是一筆關於 E客戶 的維護紀錄。 處理工程師為 C人員 進行時間為 2025/12/30 13:30 至 2025/12/30 17:00。 狀態描述 (Description): E客戶Splunk駐點 - 20251230 處置動作 (Action): 今日工作項目如下： 1.進行本月月維護，再麻煩您協助CSR回簽 1. 授權用量：建議擴充 -授權量：150 GB -平均授權用量：661.01 GB 2. 伺服器效能：正常 3. 系統優化建議：有10台UF超出預設傳輸上限，已派送套件完成調整 4. 版本更新：現行版本近期被掃出弱點，建議進行升版 -當前版本：9.3.8 / 2025.11.14 -最新版本：10.0.2 / 2025.11.14 2.調整GCP報表User欄位 3.新增Trendmicro host資料收容 4.調整websense Log，將DLP與其他LOG sourcetype進行分開,Text
aa4d352f0bfbeac61fc8b09d12957a3416645fdfbd13a52789970f21e0fa4a02,"這是一筆關於 B客戶 的維護紀錄。 處理工程師為 A人員,C人員 進行時間為 2025/12/31 13:30 至 2025/12/31 17:40。 狀態描述 (Description): Splunk每週onsite 處置動作 (Action): 本日駐點工作內容如下： A部門 1.帳號盤點清單確認 已完成帳號盤點並寄送報表給C同事 B部門 2.FISAC資料收容-進行中 目前已請B同事 向FISAC提交需使用API的IP申請單。 3.SH KVstore引擎異常測試-進行中 正在個人的測試環境測試SH 的KVstore狀態中。 代辦事項： 1.Centos作業系統升級(評估中) 2.DEP02 ([IP])移轉(下周進行) 3.新增Splunk Add-on for Google Cloud Platform的sourcetype 4.Tenable API App串接 5.Management.搜尋異常 6.BTDC2 問題處理 7.DEP02 root服務確認",Text
